N,P,K,temperature,humidity,ph,rainfall,label,irrigation_requirement
87.49,58.77,45.98,25.99,77.34,5.81,205.81,rice,4.18
97.32,50.03,45.62,20.21,89.55,7.16,221.23,rice,1.53
83.64,39.59,39.56,25.25,81.48,6.08,261.19,rice,4.65
82.79,42.3,40.5,24.56,86.78,5.9,251.42,rice,3.72
91.85,36.16,44.11,21.71,75.98,7.4,296.56,rice,4.85
96.17,42.62,36.47,26.84,81.6,5.74,249.52,rice,4.88
80.69,57.73,38.88,26.63,79.68,6.54,254.67,rice,5.11
83.7,59.24,46.63,29.39,88.42,6.7,292.19,rice,5.82
81.77,39.9,35.68,23.25,80.83,6.04,282.87,rice,4.55
87.14,42.02,43.14,21.41,87.03,5.65,298.69,rice,3.69
95.44,39.97,35.08,28.15,85.6,6.96,277.13,rice,5.43
81.48,43.96,36.74,28.63,84.35,6.16,206.36,rice,4.28
86.22,43.13,45.94,26.38,88.31,6.44,211.96,rice,3.32
94.26,54.02,43.42,27.71,82.41,6.55,242.75,rice,4.93
80.51,37.7,35.47,26.36,79.72,6.52,290.76,rice,5.75
84.99,45.26,46.33,22.29,76.15,6.08,216.12,rice,3.39
98.59,55.2,44.5,28.71,87.06,5.87,289.26,rice,5.69
90.79,55.19,48.44,23.18,76.65,5.96,242.71,rice,4.14
96.36,56.52,35.1,25.11,81.26,5.94,211.99,rice,3.65
86.75,58.57,39.85,25.19,85.55,6.23,297.18,rice,4.95
99.25,41.29,42.46,23.01,79.27,5.57,260.96,rice,4.19
90.05,36.29,39.18,29.08,78.59,5.79,248.95,rice,5.84
99.71,41.05,45.08,27.62,78.56,6.96,236.78,rice,5.16
92.65,50.84,43.04,20.9,87.53,6.14,218.65,rice,1.89
80.82,49.77,45.16,20.17,82.68,5.95,264.52,rice,3.07
83.49,52.27,40.8,29.37,77.06,6.18,211.35,rice,5.33
98.49,56.93,38.87,26.6,87.26,6.61,252.97,rice,4.31
84.84,37.33,48.46,29.0,84.5,6.18,234.92,rice,4.95
94.52,57.43,48.31,27.8,84.63,5.67,216.16,rice,4.2
97.97,50.16,35.14,21.01,84.95,5.51,216.08,rice,2.13
90.97,52.3,44.78,22.24,85.68,5.97,232.54,rice,2.76
94.93,51.24,47.74,26.58,83.52,5.69,236.77,rice,4.36
85.3,41.1,49.6,23.93,88.38,6.76,279.48,rice,3.93
90.05,49.42,42.39,21.95,85.84,6.06,202.43,rice,2.05
92.91,39.43,49.11,29.54,88.72,6.24,201.55,rice,4.02
98.57,45.7,49.5,29.64,87.8,6.09,238.51,rice,4.88
97.02,42.92,37.54,25.57,89.04,6.89,257.01,rice,3.91
81.94,50.38,49.85,21.4,82.77,7.25,274.08,rice,3.62
93.94,52.56,40.39,22.94,87.14,7.12,286.71,rice,3.9
98.26,47.78,42.52,27.98,84.75,6.9,279.58,rice,5.51
97.8,43.45,40.63,20.94,83.67,5.57,246.56,rice,2.85
90.85,42.16,43.86,20.31,75.56,7.15,236.02,rice,3.26
82.54,48.06,46.55,22.16,84.34,5.67,205.17,rice,2.32
90.63,48.52,44.56,27.26,89.64,6.53,232.3,rice,3.86
95.9,41.77,41.58,20.78,75.38,7.43,283.6,rice,4.37
93.92,45.22,37.6,21.56,78.75,6.6,271.46,rice,4.02
93.2,42.0,49.32,27.38,83.32,6.72,241.96,rice,4.72
84.95,43.9,46.37,20.14,76.74,5.59,204.07,rice,2.45
97.11,52.59,42.11,20.98,82.37,6.45,217.32,rice,2.4
88.68,44.96,44.24,26.35,75.68,6.25,262.59,rice,5.59
90.06,56.41,44.88,21.63,76.06,6.78,202.65,rice,2.94
91.72,58.51,43.63,23.88,84.65,6.42,254.56,rice,3.79
98.83,44.65,49.42,29.05,77.94,5.64,210.08,rice,5.12
80.36,37.36,45.25,20.71,79.78,7.19,202.33,rice,2.28
96.29,42.05,36.77,26.97,84.43,7.25,273.51,rice,5.12
96.07,42.05,37.66,27.51,87.1,7.48,241.26,rice,4.37
87.44,54.41,40.11,29.31,87.88,6.36,275.09,rice,5.51
95.09,37.58,48.54,25.05,87.4,6.14,289.55,rice,4.57
87.78,35.27,48.58,20.91,79.79,7.4,295.06,rice,4.2
91.47,50.8,41.73,22.93,79.93,6.85,275.24,rice,4.39
95.83,54.74,36.37,24.94,75.86,6.6,244.15,rice,4.78
97.75,43.77,36.76,21.43,86.42,6.74,210.11,rice,1.99
81.68,52.52,36.09,28.22,85.59,5.66,208.48,rice,4.08
99.73,44.36,40.56,28.13,89.21,7.47,275.34,rice,5.02
87.53,37.09,46.66,25.58,81.36,7.31,211.12,rice,3.76
89.85,35.28,42.03,20.56,76.78,5.74,264.92,rice,3.79
94.92,49.58,49.43,23.75,79.29,7.24,222.36,rice,3.64
99.26,35.3,49.55,20.43,88.37,6.56,299.3,rice,3.28
81.48,48.85,49.54,25.23,84.44,6.89,245.45,rice,4.03
92.55,49.61,48.52,20.45,79.21,7.4,289.03,rice,4.0
89.11,50.5,39.16,21.88,81.96,6.21,258.37,rice,3.54
81.55,59.36,49.79,26.98,83.04,6.12,281.38,rice,5.42
93.69,39.07,48.66,28.23,89.25,6.95,261.34,rice,4.77
88.36,58.32,47.99,20.45,75.4,6.25,281.06,rice,4.22
99.75,38.76,43.91,23.81,89.55,7.18,283.83,rice,3.86
89.37,45.37,39.1,20.56,87.97,7.13,299.97,rice,3.37
99.93,48.89,46.53,29.45,87.74,5.99,245.05,rice,4.96
82.58,58.85,44.09,22.29,85.08,6.74,235.82,rice,2.89
82.27,51.79,42.8,27.72,82.8,7.2,255.19,rice,5.14
91.22,56.92,41.05,21.34,75.43,7.01,262.03,rice,4.1
94.08,40.32,37.05,20.15,80.26,6.68,239.22,rice,2.8
88.75,57.6,40.22,25.14,86.75,6.29,262.21,rice,4.11
97.25,58.74,37.21,29.27,82.38,6.02,245.91,rice,5.46
99.6,47.32,39.93,26.33,78.6,5.65,212.89,rice,4.3
82.56,38.8,37.08,26.41,77.73,6.19,289.68,rice,5.94
89.48,51.69,37.58,21.92,75.61,5.84,227.86,rice,3.57
83.54,37.22,36.81,24.61,78.1,6.23,250.34,rice,4.58
93.81,35.98,46.99,26.28,76.23,7.25,292.09,rice,6.1
81.22,41.92,47.09,27.48,77.77,5.92,237.05,rice,5.21
89.69,50.46,40.53,24.63,86.21,5.57,225.24,rice,3.27
94.27,57.38,42.68,25.32,76.61,6.39,253.26,rice,5.0
84.85,41.73,40.66,20.2,79.83,5.92,232.75,rice,2.73
82.4,57.26,43.9,26.79,86.84,6.5,208.69,rice,3.53
90.74,49.67,46.18,24.32,76.91,6.07,236.31,rice,4.33
92.92,49.27,40.34,29.87,84.09,5.97,210.18,rice,4.75
83.06,41.15,37.41,21.87,79.28,5.85,289.68,rice,4.43
81.6,48.11,41.16,29.82,76.68,6.3,296.95,rice,7.22
97.31,55.43,38.87,21.71,85.03,7.36,255.68,rice,3.12
91.43,42.0,46.54,21.87,79.86,6.35,250.76,rice,3.59
84.85,37.87,44.16,22.89,83.72,5.81,248.11,rice,3.46
65.98,31.04,36.73,23.34,51.27,7.48,132.24,maize,4.52
74.3,35.09,43.63,29.6,61.91,6.44,141.18,maize,5.51
60.47,48.59,46.61,31.65,52.49,6.96,193.83,maize,8.12
55.44,31.33,44.82,27.74,66.84,5.78,179.53,maize,5.23
56.05,33.27,33.29,30.15,63.3,6.55,135.88,maize,5.43
76.32,37.85,46.33,26.39,57.54,6.43,130.14,maize,4.77
72.43,40.05,34.64,31.0,57.68,6.59,190.65,maize,7.34
68.73,32.34,48.8,28.28,56.7,5.78,179.4,maize,6.4
68.6,40.67,47.88,29.89,53.03,6.12,124.85,maize,6.16
72.32,30.67,41.4,29.62,67.54,6.18,182.13,maize,5.78
53.32,46.93,32.55,25.97,65.95,5.8,122.93,maize,3.66
71.67,44.4,42.82,28.94,60.85,6.0,134.57,maize,5.29
55.45,48.17,41.67,26.01,59.24,7.39,115.34,maize,4.19
67.59,40.12,42.23,22.18,67.44,7.36,156.51,maize,3.04
70.9,48.45,44.14,23.53,61.53,6.71,142.41,maize,3.75
72.09,48.69,48.51,26.51,52.26,7.47,183.89,maize,6.4
53.74,48.42,47.4,27.19,61.83,6.3,105.48,maize,4.08
60.06,46.06,30.09,25.33,57.96,6.57,191.99,maize,5.64
60.39,36.94,44.75,26.52,54.49,6.4,114.09,maize,4.79
55.29,39.97,38.38,31.15,57.25,6.66,163.23,maize,6.88
50.39,43.27,33.56,31.61,52.97,6.33,108.53,maize,6.36
79.91,40.04,41.91,22.67,65.0,5.92,189.81,maize,4.1
56.15,33.81,30.73,26.72,61.3,5.63,177.55,maize,5.44
63.6,40.49,38.82,26.01,61.19,5.81,118.19,maize,4.05
75.85,48.92,37.47,24.71,62.88,6.32,102.54,maize,3.18
54.68,44.32,43.18,22.27,54.44,5.96,167.19,maize,4.58
50.59,32.08,46.0,23.79,63.05,5.98,109.94,maize,3.03
57.3,44.45,47.11,30.3,57.94,6.84,120.5,maize,5.71
58.79,47.93,30.26,22.86,54.16,5.55,118.14,maize,3.8
67.49,38.43,47.85,30.17,56.84,6.02,137.97,maize,6.13
67.71,35.36,42.48,26.09,61.04,6.37,129.45,maize,4.31
78.45,45.27,32.8,30.68,59.75,7.29,179.99,maize,6.83
62.76,30.45,35.37,27.42,62.67,6.02,113.94,maize,4.24
75.05,49.69,40.51,23.72,55.45,5.54,191.43,maize,5.4
53.53,41.53,35.48,27.54,63.03,7.16,120.64,maize,4.37
50.33,32.74,48.0,30.74,61.95,6.7,166.5,maize,6.36
55.26,48.29,38.38,25.83,60.38,5.59,116.63,maize,4.04
72.14,31.66,42.06,24.45,57.79,6.08,135.57,maize,4.27
71.57,35.94,41.33,26.76,63.27,7.37,173.26,maize,5.17
56.45,30.62,35.25,27.95,51.03,6.49,159.68,maize,6.48
60.03,45.42,32.13,22.75,64.56,6.49,168.84,maize,3.75
63.04,34.93,46.38,29.99,63.89,6.04,159.02,maize,5.79
60.83,31.83,48.35,23.37,69.0,6.39,118.51,maize,2.48
66.26,47.46,44.64,30.07,63.18,6.88,184.92,maize,6.4
57.49,39.79,34.42,31.88,68.88,5.58,170.56,maize,6.09
77.76,33.61,41.36,31.15,50.68,6.89,129.73,maize,6.87
77.73,49.42,48.89,26.74,67.24,7.19,131.91,maize,3.94
74.87,30.74,41.93,24.3,52.41,5.65,169.63,maize,5.44
60.2,44.5,31.31,25.15,60.79,7.08,131.88,maize,4.1
68.78,47.72,42.32,24.33,50.49,7.24,102.13,maize,4.29
76.24,40.58,48.78,29.99,69.96,6.2,176.72,maize,5.53
62.06,39.6,42.55,30.74,69.68,7.04,141.78,maize,5.09
62.64,44.75,34.78,23.1,57.09,6.07,129.63,maize,3.81
57.01,30.84,30.36,31.88,58.56,6.27,167.96,maize,7.07
56.55,49.0,45.73,22.89,58.35,7.26,194.47,maize,4.92
64.02,42.27,33.34,31.91,54.63,7.39,164.96,maize,7.41
68.23,40.25,34.61,23.77,54.41,5.87,177.96,maize,5.25
60.5,31.16,49.38,30.84,68.56,7.49,117.39,maize,4.74
61.89,45.16,43.92,23.54,66.32,5.95,122.38,maize,2.88
66.11,41.86,41.6,22.91,67.55,6.03,112.95,maize,2.38
76.66,49.11,47.24,30.1,63.1,6.6,108.7,maize,4.89
62.25,37.45,35.2,29.23,59.92,5.66,122.02,maize,5.22
70.5,31.52,47.02,26.95,59.61,6.68,182.47,maize,5.77
60.43,43.56,41.31,24.67,67.57,7.09,165.85,maize,3.96
75.52,47.35,44.17,30.37,63.95,6.86,161.86,maize,5.95
72.58,33.17,47.62,30.72,50.58,7.15,112.89,maize,6.41
60.05,44.87,33.22,30.18,66.64,6.51,100.64,maize,4.4
58.61,42.34,49.62,28.32,55.2,6.77,154.0,maize,6.06
73.4,32.14,45.22,27.41,69.26,6.18,163.26,maize,4.56
77.96,32.05,48.74,28.88,51.36,6.1,170.82,maize,6.94
52.02,41.64,36.92,28.21,50.91,7.24,197.35,maize,7.32
79.07,44.99,32.6,29.58,50.49,5.54,132.36,maize,6.47
64.66,45.41,43.67,26.46,55.47,7.49,142.62,maize,5.24
63.54,33.27,45.9,28.94,54.42,5.66,168.05,maize,6.6
69.64,35.47,49.02,23.51,58.65,7.39,141.97,maize,4.03
69.16,37.95,35.48,31.84,58.19,7.29,123.0,maize,6.19
56.39,30.62,43.03,25.69,67.29,6.45,196.82,maize,4.91
55.57,47.37,45.53,29.71,66.9,7.02,162.62,maize,5.48
53.94,30.65,48.42,28.17,65.93,6.46,111.73,maize,4.09
53.76,43.71,38.61,24.01,59.83,5.63,158.2,maize,4.38
58.07,45.95,36.21,26.55,50.23,5.64,139.25,maize,5.73
64.4,42.0,35.83,28.95,67.2,7.06,103.96,maize,4.04
64.42,32.1,34.84,31.87,52.85,6.5,161.82,maize,7.51
71.07,41.19,30.2,25.26,60.35,5.68,135.06,maize,4.25
51.0,31.57,37.94,23.33,61.35,6.88,180.06,maize,4.46
56.0,33.35,32.09,28.36,64.13,5.56,193.62,maize,5.97
51.56,40.83,44.18,30.71,64.28,7.1,133.95,maize,5.46
74.44,31.6,47.9,27.48,66.35,6.4,164.36,maize,4.9
65.79,44.63,31.63,22.6,54.94,5.82,187.18,maize,5.03
56.58,49.52,36.74,23.82,65.79,6.82,149.82,maize,3.56
66.66,44.38,34.57,31.96,69.5,6.8,119.95,maize,5.04
70.41,31.44,30.61,24.58,59.25,7.24,172.72,maize,4.9
72.28,38.51,36.92,25.71,69.75,5.58,186.7,maize,4.47
67.36,38.77,44.51,26.87,67.47,7.3,142.17,maize,4.16
58.3,41.85,48.25,24.11,62.46,6.76,173.31,maize,4.45
53.95,44.32,48.18,23.8,54.75,7.44,118.1,maize,4.03
75.63,39.85,34.94,30.71,58.91,6.53,135.92,maize,6.04
67.79,33.27,37.82,31.69,55.16,6.81,132.52,maize,6.64
73.2,32.62,49.4,26.54,54.72,5.65,116.98,maize,4.83
65.59,36.74,46.58,26.31,54.97,6.73,170.68,maize,5.81
25.01,45.03,40.73,25.36,59.96,6.95,110.65,chickpea,3.83
44.17,57.56,57.37,20.06,51.68,6.54,63.43,chickpea,2.12
35.94,68.1,40.79,19.22,56.78,7.87,78.97,chickpea,1.67
35.22,41.25,42.97,27.87,64.48,6.01,117.11,chickpea,4.25
39.17,66.04,49.09,23.16,57.33,7.33,68.38,chickpea,2.58
20.9,49.24,54.09,20.02,60.1,7.94,65.63,chickpea,1.31
40.18,53.31,57.36,19.77,60.39,7.68,116.68,chickpea,2.23
40.5,54.92,52.36,26.69,58.56,6.06,115.86,chickpea,4.47
40.69,60.3,44.31,24.59,55.91,7.3,66.4,chickpea,3.11
39.74,69.98,40.96,27.77,56.1,7.74,106.94,chickpea,4.86
37.01,62.15,57.57,22.04,54.91,7.34,108.47,chickpea,3.29
42.87,63.93,48.71,26.18,51.8,7.09,60.35,chickpea,3.88
29.74,50.99,47.92,24.95,55.83,6.9,74.25,chickpea,3.39
31.2,46.82,41.46,24.03,60.02,7.24,87.81,chickpea,2.96
31.39,65.9,50.38,22.79,50.38,6.68,82.81,chickpea,3.46
31.96,57.41,50.67,24.08,61.47,7.63,103.09,chickpea,3.14
48.67,40.55,43.92,18.08,59.71,7.8,74.61,chickpea,0.94
47.81,41.81,58.69,21.52,51.52,6.97,75.41,chickpea,2.81
28.55,49.22,56.06,23.39,54.67,7.22,102.97,chickpea,3.61
28.18,52.41,42.44,19.81,60.22,6.36,91.51,chickpea,1.75
41.27,43.21,51.35,20.57,64.44,6.97,108.36,chickpea,1.89
36.51,41.3,52.66,27.51,59.02,7.64,113.05,chickpea,4.61
26.84,46.36,52.22,22.11,62.6,7.8,81.21,chickpea,2.0
27.11,63.42,45.5,26.23,56.36,7.34,65.73,chickpea,3.55
38.72,53.55,51.73,19.68,61.05,7.73,73.0,chickpea,1.26
22.87,40.71,52.84,24.07,58.2,6.46,83.45,chickpea,3.07
37.83,54.9,59.76,19.36,60.43,6.81,85.69,chickpea,1.48
41.53,60.77,59.83,19.28,51.56,7.45,94.7,chickpea,2.52
28.22,42.38,41.71,26.94,52.88,6.65,73.6,chickpea,4.27
30.65,42.08,50.38,18.68,62.01,6.47,92.4,chickpea,1.25
46.4,59.53,50.66,21.24,55.0,7.34,119.65,chickpea,3.27
39.86,56.73,54.61,22.65,50.9,7.12,117.46,chickpea,4.05
25.26,60.7,44.02,23.36,51.45,6.9,105.37,chickpea,3.97
30.43,59.95,55.91,27.27,53.52,6.8,69.14,chickpea,4.21
49.77,67.81,50.8,26.42,57.81,7.25,65.35,chickpea,3.45
42.66,43.83,56.52,25.82,60.63,6.07,78.19,chickpea,3.25
27.89,50.8,41.75,27.37,58.31,6.61,83.82,chickpea,4.06
33.42,58.02,50.31,27.19,57.45,7.98,111.09,chickpea,4.63
26.26,67.92,42.33,26.17,55.71,7.76,112.08,chickpea,4.52
44.18,63.7,46.09,18.81,56.04,6.35,101.7,chickpea,2.07
30.38,69.27,52.82,26.22,51.99,7.72,115.37,chickpea,4.98
34.61,58.19,55.3,19.75,57.54,6.8,68.78,chickpea,1.55
31.03,42.05,40.52,19.35,64.45,7.1,117.95,chickpea,1.72
32.97,49.35,50.12,22.4,51.58,7.28,72.96,chickpea,3.02
38.59,59.51,43.04,18.61,61.71,6.92,63.49,chickpea,0.68
49.85,41.73,53.9,27.84,53.59,6.28,67.28,chickpea,4.34
29.1,43.03,53.84,18.62,57.64,7.99,108.84,chickpea,2.0
38.46,49.19,52.48,23.27,56.39,6.26,113.2,chickpea,3.61
33.49,45.84,47.36,22.14,62.41,7.47,106.16,chickpea,2.52
20.33,52.48,49.63,18.19,53.9,7.52,68.23,chickpea,1.43
36.06,46.46,40.24,20.41,64.64,7.6,117.57,chickpea,2.01
34.64,43.29,50.96,22.54,62.67,6.2,89.29,chickpea,2.28
24.5,49.74,54.75,22.76,55.64,6.79,87.57,chickpea,3.02
43.55,66.76,59.11,25.87,54.73,7.38,86.26,chickpea,4.01
27.64,65.23,40.77,27.02,56.92,7.27,99.56,chickpea,4.4
46.85,59.1,52.28,18.67,57.78,6.3,104.25,chickpea,1.91
35.37,60.41,40.83,18.85,60.74,6.14,64.28,chickpea,0.87
20.36,68.7,54.75,21.53,54.45,6.7,106.48,chickpea,3.14
39.84,45.56,43.48,18.98,59.9,7.53,75.9,chickpea,1.22
20.63,42.47,59.36,20.95,61.54,7.25,82.92,chickpea,1.79
26.17,43.64,52.3,25.75,59.66,7.06,62.52,chickpea,3.01
49.05,63.96,45.86,27.8,59.03,7.16,104.88,chickpea,4.53
44.35,59.69,42.56,21.38,63.92,6.45,82.33,chickpea,1.67
32.96,53.18,52.26,27.43,53.61,6.24,71.85,chickpea,4.31
46.61,59.37,45.72,26.16,62.92,7.69,115.14,chickpea,3.86
27.57,62.65,49.21,26.42,60.93,7.55,99.37,chickpea,3.82
25.32,56.35,59.69,27.37,50.65,6.33,67.9,chickpea,4.51
41.78,64.53,44.27,23.06,62.61,7.47,92.53,chickpea,2.51
37.71,55.25,45.95,23.65,60.33,7.75,98.18,chickpea,3.03
42.83,44.8,49.23,18.09,53.7,7.45,119.51,chickpea,2.45
22.98,52.04,56.0,20.04,58.33,7.47,96.96,chickpea,2.12
25.64,50.66,55.68,23.54,50.08,7.52,62.12,chickpea,3.3
42.37,46.07,59.16,21.68,54.9,6.3,78.34,chickpea,2.58
46.3,69.89,47.37,22.49,60.83,7.77,95.58,chickpea,2.57
31.75,52.38,53.91,18.03,59.29,6.71,107.65,chickpea,1.63
22.79,57.65,49.62,24.42,50.97,7.16,93.69,chickpea,4.1
36.82,58.1,53.53,26.05,54.05,7.65,89.9,chickpea,4.21
22.31,41.76,46.68,25.85,60.62,7.58,91.04,chickpea,3.51
33.21,44.42,46.56,22.34,51.33,6.44,95.89,chickpea,3.49
42.07,69.95,58.66,24.43,56.32,7.27,107.14,chickpea,3.84
23.55,52.3,56.8,21.84,58.58,7.18,71.07,chickpea,2.12
30.87,50.04,40.52,18.24,62.48,6.55,91.08,chickpea,1.05
28.96,68.22,45.19,22.3,63.09,7.68,71.17,chickpea,1.8
44.08,53.75,49.66,19.33,51.21,7.46,89.79,chickpea,2.48
33.11,61.89,55.31,19.59,59.15,6.27,105.08,chickpea,2.06
39.71,68.7,41.38,18.57,54.23,6.52,74.82,chickpea,1.64
47.19,47.49,45.44,25.59,56.75,7.55,63.92,chickpea,3.28
34.63,41.01,41.25,27.06,52.09,7.06,84.67,chickpea,4.6
30.42,67.0,40.44,24.64,64.45,7.12,116.21,chickpea,3.27
21.57,52.56,45.2,25.31,64.72,6.51,99.25,chickpea,3.11
25.94,56.96,49.28,27.72,59.13,6.7,66.85,chickpea,3.74
24.54,46.76,45.02,26.51,58.42,7.05,66.89,chickpea,3.45
45.8,61.68,41.35,25.08,58.15,6.16,87.5,chickpea,3.46
34.54,44.97,58.91,26.5,60.04,6.92,84.71,chickpea,3.64
39.53,56.36,41.25,23.13,62.1,6.92,63.12,chickpea,1.99
43.59,46.04,45.17,19.65,54.95,7.51,91.16,chickpea,2.22
26.15,66.33,57.59,26.71,53.58,6.9,119.1,chickpea,5.04
43.16,40.82,41.3,22.64,63.64,7.08,89.87,chickpea,2.23
23.16,59.7,56.44,21.8,61.63,7.93,72.23,chickpea,1.82
35.7,48.61,55.86,23.78,59.52,7.6,83.76,chickpea,2.86
38.3,40.66,28.16,23.57,65.87,5.82,111.43,coffee,2.71
38.12,35.54,44.67,19.13,54.04,5.68,113.64,coffee,2.61
33.09,33.04,33.81,22.92,51.67,6.38,108.22,coffee,3.87
30.1,49.34,33.36,25.87,63.36,6.13,69.96,coffee,2.83
37.64,38.55,28.24,18.1,61.2,6.03,103.16,coffee,1.37
37.81,31.59,39.63,19.5,67.16,6.32,92.45,coffee,0.98
34.2,36.29,34.42,24.57,59.19,5.86,89.65,coffee,3.25
36.56,36.7,28.48,23.7,66.52,5.6,74.39,coffee,1.94
22.84,36.96,34.01,23.99,63.02,6.12,81.14,coffee,2.52
36.83,39.43,44.58,23.07,52.53,6.18,79.51,coffee,3.26
33.73,31.39,28.5,24.85,54.54,6.34,76.76,coffee,3.53
32.86,43.88,35.25,20.44,54.25,5.53,78.24,coffee,2.27
33.06,48.77,42.42,24.13,65.77,6.16,75.62,coffee,2.17
38.14,43.41,36.21,18.89,58.94,5.96,111.87,coffee,2.01
30.93,37.61,44.54,18.89,58.45,5.54,104.39,coffee,1.91
38.36,35.6,42.17,20.34,68.22,6.25,108.29,coffee,1.45
20.36,49.26,39.53,20.44,66.59,5.78,112.37,coffee,1.72
22.25,44.07,35.81,18.77,54.84,5.51,88.13,coffee,1.91
26.03,41.97,30.94,20.4,64.86,5.55,114.17,coffee,1.92
37.05,43.36,36.86,25.14,53.71,5.58,74.37,coffee,3.66
35.89,30.69,36.66,25.96,67.11,6.02,63.82,coffee,2.35
36.63,41.98,27.3,18.75,68.19,6.17,109.76,coffee,1.0
37.58,41.44,35.35,21.44,56.34,5.93,106.43,coffee,2.93
32.04,47.85,33.87,22.86,62.63,6.09,102.16,coffee,2.64
24.75,40.25,27.08,21.08,59.75,6.15,117.03,coffee,2.69
32.01,44.87,35.13,23.07,51.42,5.75,81.71,coffee,3.41
29.45,30.91,27.8,20.21,69.43,5.83,88.92,coffee,0.9
23.92,42.22,30.61,19.66,60.33,5.51,60.46,coffee,1.07
24.38,30.73,27.16,20.71,66.05,6.07,90.76,coffee,1.42
25.87,48.64,32.94,18.7,62.34,5.61,80.71,coffee,0.99
30.15,47.48,34.87,23.62,69.86,5.63,76.48,coffee,1.63
27.89,38.44,33.22,25.26,64.28,6.11,78.56,coffee,2.72
36.48,49.1,41.42,18.01,62.73,5.55,75.46,coffee,0.64
21.19,42.08,38.73,18.92,57.68,5.96,82.14,coffee,1.55
22.42,38.38,40.02,18.57,51.6,5.85,116.5,coffee,2.74
33.37,43.57,32.24,22.75,50.2,6.14,114.8,coffee,4.1
32.25,47.47,39.48,18.96,68.05,5.57,92.04,coffee,0.73
22.84,30.23,33.44,20.36,59.72,6.08,62.62,coffee,1.39
22.46,41.17,31.86,23.83,63.05,6.35,101.55,coffee,2.88
28.6,43.46,30.51,20.45,65.78,5.95,107.9,coffee,1.72
36.45,47.15,43.33,21.45,56.38,6.08,82.27,coffee,2.44
32.02,44.11,38.77,21.0,53.34,5.93,68.56,coffee,2.34
37.8,36.92,28.09,18.2,62.92,6.14,80.44,coffee,0.78
21.43,38.19,31.22,23.42,62.12,5.86,73.07,coffee,2.28
39.76,39.08,38.77,19.12,59.71,5.53,90.33,coffee,1.57
39.28,37.68,25.78,18.25,57.76,5.66,61.4,coffee,0.93
35.12,39.17,30.78,25.2,52.32,6.46,78.84,coffee,3.9
37.77,42.06,41.53,25.87,55.77,6.46,83.37,coffee,3.85
27.71,36.81,35.83,19.23,61.07,6.04,105.71,coffee,1.78
36.67,38.81,31.05,20.07,53.89,5.56,80.55,coffee,2.24
25.4,49.33,36.15,20.78,61.61,5.64,86.64,coffee,1.81
32.52,39.78,33.04,25.95,67.61,6.12,94.16,coffee,2.91
32.41,34.03,32.9,18.32,59.51,6.04,73.66,coffee,1.02
39.28,48.19,39.44,22.27,67.4,5.63,107.43,coffee,2.09
22.5,45.88,30.52,25.02,68.88,5.65,87.76,coffee,2.37
39.62,39.67,42.27,22.71,57.51,5.79,72.19,coffee,2.51
35.24,37.73,35.23,21.94,61.55,6.37,118.84,coffee,2.8
28.15,46.55,40.29,22.59,69.12,5.7,66.56,coffee,1.2
37.08,38.78,41.94,25.14,51.25,6.38,86.9,coffee,4.16
30.21,42.53,43.53,18.15,59.54,6.19,103.36,coffee,1.56
33.85,32.69,30.99,20.87,66.09,5.78,72.64,coffee,1.1
39.15,30.18,44.96,23.41,66.57,5.79,60.86,coffee,1.58
34.76,46.68,39.81,19.14,65.07,6.27,99.51,coffee,1.23
35.32,46.92,37.27,18.71,59.75,5.58,84.45,coffee,1.33
28.14,31.32,31.98,18.89,66.16,6.45,64.34,coffee,0.34
39.1,40.45,30.99,18.61,60.01,6.29,102.43,coffee,1.63
21.0,31.46,33.06,20.36,54.65,5.78,108.21,coffee,2.81
38.58,38.1,43.12,20.57,59.53,5.73,98.43,coffee,2.19
39.58,42.07,32.16,23.18,52.46,6.39,90.19,coffee,3.51
28.99,41.72,37.5,18.57,63.65,5.74,102.84,coffee,1.26
36.45,46.08,36.05,22.16,52.86,6.28,76.28,coffee,2.89
29.93,35.69,27.68,23.04,51.09,6.25,79.06,coffee,3.38
20.0,40.22,25.94,20.21,64.14,5.56,110.36,coffee,1.86
20.08,34.94,39.82,20.53,52.04,5.86,76.22,coffee,2.48
36.85,36.27,40.78,25.13,58.68,6.41,82.64,coffee,3.33
39.28,31.79,38.74,21.95,57.75,6.13,102.23,coffee,2.85
20.09,33.34,39.26,23.33,69.32,6.26,117.05,coffee,2.41
34.05,35.96,27.11,24.25,62.88,5.55,81.6,coffee,2.62
39.14,40.01,33.65,21.66,54.18,5.87,82.19,coffee,2.72
21.05,45.35,33.33,24.58,67.01,5.71,99.44,coffee,2.66
29.45,47.6,29.31,23.42,62.16,5.8,68.2,coffee,2.18
33.03,44.77,31.31,23.16,57.9,6.21,71.95,coffee,2.6
37.8,35.75,32.36,18.46,52.23,6.02,76.06,coffee,1.84
36.71,30.29,32.58,20.7,50.39,5.62,84.82,coffee,2.87
29.86,38.09,35.62,22.76,50.2,5.96,117.81,coffee,4.16
30.38,43.55,31.24,24.19,65.46,6.02,118.56,coffee,3.08
22.51,30.34,40.4,24.46,52.4,5.77,61.05,coffee,3.32
25.87,45.46,35.36,20.78,57.43,5.5,77.99,coffee,2.05
32.93,49.48,41.94,18.19,67.97,6.28,106.82,coffee,0.8
29.16,37.96,31.06,18.53,54.56,5.75,89.04,coffee,1.88
34.95,39.48,26.16,25.66,68.85,6.29,119.48,coffee,3.2
30.89,49.26,26.51,20.93,54.51,5.7,68.45,coffee,2.2
32.45,45.63,36.57,19.18,66.22,6.14,83.29,coffee,0.8
33.48,35.2,31.9,25.34,55.81,5.97,113.41,coffee,4.29
34.15,31.24,27.95,18.06,62.62,5.95,68.06,coffee,0.52
39.16,40.59,29.84,22.0,63.59,5.58,76.48,coffee,1.77
36.14,39.19,35.93,21.46,50.88,5.67,86.73,coffee,3.09
24.18,31.0,41.87,25.85,65.86,6.35,74.52,coffee,2.66
39.21,33.94,44.03,25.96,64.23,6.48,94.17,coffee,3.25
25.19,38.74,36.87,18.58,62.45,6.48,71.41,coffee,0.76
55.85,58.16,59.16,24.6,67.82,7.47,160.58,wheat,3.81
43.23,49.54,55.77,17.47,69.61,7.0,113.02,wheat,0.54
51.3,55.43,52.48,15.12,60.14,6.54,174.1,wheat,2.0
44.57,52.69,48.33,18.22,72.72,7.09,107.63,wheat,0.35
48.57,40.58,52.21,21.62,61.78,6.43,131.83,wheat,2.95
58.39,59.87,45.67,22.61,65.58,6.59,160.34,wheat,3.43
58.37,59.02,53.66,18.57,71.81,6.38,145.13,wheat,1.29
47.17,53.13,48.61,16.92,73.77,6.15,140.48,wheat,0.51
44.42,40.78,45.54,16.75,73.0,6.42,176.04,wheat,1.25
51.63,48.73,53.7,20.17,71.38,6.42,128.24,wheat,1.48
57.88,58.93,58.39,19.19,71.71,6.71,139.8,wheat,1.38
44.09,51.82,47.79,18.32,72.83,6.31,105.69,wheat,0.33
41.38,58.82,52.6,19.09,72.16,7.25,126.58,wheat,1.04
53.87,55.42,54.82,16.52,73.14,6.81,122.6,wheat,0.09
48.5,40.75,46.92,22.66,60.0,6.62,141.8,wheat,3.63
41.09,59.46,48.39,18.04,64.56,6.35,100.12,wheat,0.96
54.59,59.34,48.36,21.63,71.13,7.27,133.81,wheat,2.05
46.06,46.51,55.69,23.17,62.72,6.56,172.16,wheat,4.12
56.13,59.7,56.31,18.93,68.86,6.99,106.28,wheat,0.92
50.89,54.19,47.51,22.81,68.76,7.43,103.39,wheat,2.03
45.31,52.03,49.45,22.14,71.39,6.15,141.11,wheat,2.33
50.18,47.39,58.99,23.28,70.46,7.07,136.94,wheat,2.68
58.42,53.89,55.93,23.62,64.11,7.21,115.62,wheat,2.99
46.91,46.71,59.68,23.57,70.52,7.09,144.97,wheat,2.92
58.94,49.93,50.71,16.63,71.79,7.1,130.75,wheat,0.42
40.5,56.78,45.17,22.04,74.55,6.66,118.8,wheat,1.53
54.1,56.34,53.2,24.67,60.78,6.76,157.48,wheat,4.47
57.25,43.59,57.0,20.53,65.95,6.2,169.22,wheat,2.95
43.15,46.2,49.35,23.71,70.09,7.2,120.04,wheat,2.51
52.5,51.43,57.49,24.06,60.18,7.01,104.15,wheat,3.28
50.98,45.75,49.6,18.53,69.32,6.5,158.62,wheat,1.8
48.09,41.37,56.76,17.86,66.49,7.03,126.6,wheat,1.24
41.13,47.48,59.17,21.42,70.07,6.95,115.92,wheat,1.74
48.37,55.02,46.52,17.78,64.14,6.65,178.43,wheat,2.49
41.35,50.37,47.69,24.71,61.7,6.61,159.03,wheat,4.42
54.09,48.45,50.2,18.98,63.96,6.31,138.64,wheat,2.07
45.37,45.75,54.85,24.69,69.05,6.12,106.05,wheat,2.62
59.03,45.95,46.38,20.99,69.35,6.97,121.39,wheat,1.79
40.3,59.3,48.76,21.76,70.6,6.92,125.03,wheat,1.97
45.42,51.95,57.99,24.47,61.59,6.23,175.58,wheat,4.69
54.73,57.66,48.04,20.88,70.52,7.02,132.65,wheat,1.86
40.31,51.66,48.8,19.5,74.36,6.6,167.18,wheat,1.76
43.77,53.45,59.66,16.02,60.12,6.65,107.41,wheat,0.94
54.97,58.29,51.51,17.59,66.52,7.09,100.72,wheat,0.64
51.79,52.27,54.57,17.42,70.71,6.14,115.94,wheat,0.47
57.55,54.77,45.21,17.48,63.22,6.41,119.8,wheat,1.32
41.25,49.18,55.99,21.07,70.09,6.12,176.12,wheat,2.83
56.77,56.1,57.34,24.33,68.16,6.3,149.34,wheat,3.47
54.86,54.76,52.82,15.68,65.57,7.38,146.76,wheat,1.08
50.77,45.38,50.53,23.95,70.0,7.18,136.35,wheat,2.91
52.6,44.97,55.58,19.28,66.64,6.97,174.9,wheat,2.62
41.28,56.49,49.39,19.44,60.33,6.45,140.21,wheat,2.6
41.12,49.82,58.91,16.05,71.47,6.61,152.41,wheat,0.72
45.2,43.19,47.41,15.7,62.78,7.0,170.54,wheat,1.84
56.28,53.7,46.66,17.89,64.65,6.37,141.2,wheat,1.73
50.71,47.14,50.31,23.29,71.84,6.46,173.1,wheat,3.26
59.06,46.53,50.32,20.06,74.12,7.31,108.21,wheat,0.77
47.85,51.07,52.55,16.94,72.88,7.02,167.03,wheat,1.13
57.18,54.97,51.59,21.11,62.41,7.01,114.34,wheat,2.38
53.88,44.59,46.76,16.65,60.03,7.08,158.59,wheat,2.16
50.3,43.23,46.25,15.19,62.49,7.34,119.32,wheat,0.7
47.09,42.11,48.34,20.19,69.12,6.37,104.62,wheat,1.24
47.82,44.68,48.29,24.6,69.24,6.84,133.26,wheat,3.12
48.58,50.82,55.45,22.02,62.58,6.75,132.96,wheat,3.01
57.41,52.63,52.99,16.15,69.08,6.18,126.98,wheat,0.48
42.86,53.84,48.09,18.92,73.44,6.31,140.62,wheat,1.14
48.39,40.36,56.89,15.69,67.11,6.84,150.27,wheat,1.0
53.77,45.07,45.15,22.23,68.03,7.25,165.71,wheat,3.18
56.87,49.7,50.0,22.92,66.77,6.28,168.4,wheat,3.57
57.65,49.33,46.14,18.88,72.05,7.35,116.28,wheat,0.78
41.34,57.55,50.84,20.42,74.52,6.1,151.87,wheat,1.71
41.48,47.51,57.06,19.33,74.96,6.84,125.69,wheat,0.82
44.4,47.01,50.59,15.69,65.54,6.7,157.82,wheat,1.31
53.13,54.18,45.13,17.18,69.93,6.73,100.43,wheat,0.17
56.09,55.46,53.23,15.66,71.5,6.88,162.56,wheat,0.8
55.03,56.06,52.77,16.4,70.07,6.93,159.38,wheat,1.1
43.4,43.9,58.36,22.5,73.62,7.14,147.77,wheat,2.34
53.08,57.78,53.68,21.32,62.35,6.71,157.31,wheat,3.31
45.42,44.05,49.71,17.42,63.22,6.64,172.63,wheat,2.35
50.14,43.76,46.15,21.96,65.74,7.23,152.76,wheat,3.07
55.92,45.44,55.39,17.64,74.09,6.95,125.96,wheat,0.4
45.39,43.82,55.42,17.19,68.93,6.4,152.96,wheat,1.32
56.3,55.56,56.41,16.88,61.33,7.05,129.47,wheat,1.52
48.65,40.62,48.89,15.34,73.19,6.37,144.59,wheat,0.17
40.78,53.34,49.85,23.98,73.32,6.49,172.08,wheat,3.3
59.92,56.51,57.67,17.49,68.65,6.1,107.59,wheat,0.53
59.98,46.53,56.22,23.07,72.87,7.5,119.32,wheat,2.02
40.81,48.22,46.95,15.22,65.41,7.18,145.29,wheat,0.93
46.26,53.09,48.48,15.14,71.47,6.94,160.98,wheat,0.62
40.78,56.74,54.29,20.63,69.37,7.3,146.95,wheat,2.19
51.62,59.81,56.35,19.42,70.61,6.58,118.31,wheat,1.13
51.94,58.56,58.94,18.42,67.92,6.32,179.65,wheat,2.33
59.62,52.99,57.07,22.15,68.9,6.08,136.38,wheat,2.48
53.5,53.55,50.6,24.42,62.51,6.75,155.27,wheat,4.18
53.94,52.97,49.13,16.56,69.54,6.9,114.35,wheat,0.3
54.1,49.1,55.02,23.37,62.55,6.03,162.33,wheat,4.0
52.19,53.99,57.57,23.03,74.41,6.8,139.08,wheat,2.25
48.04,43.07,53.59,17.77,73.82,6.87,147.43,wheat,0.9
47.1,41.04,45.48,19.23,61.27,6.91,170.48,wheat,3.05
57.66,53.18,48.17,23.63,73.29,6.29,158.99,wheat,2.94
